date,#0,#1,#2,#3,#4,#5,#6,#7,#8,#9
2020-1-1,2429129807113296,76561198005985428,76561198825880947,2985005531524930,76561198373858287,76561198111059178,76561198051018941,76561198153055189,76561198282478873,76561198120204584
2020-1-2,2429129807113296,76561198005985428,76561198825880947,2985005531524930,76561198373858287,76561198111059178,76561198051018941,76561198153055189,76561198282478873,76561198120204584
2020-1-3,2429129807113296,76561198005985428,76561198825880947,2985005531524930,76561198373858287,76561198111059178,76561198051018941,76561198153055189,76561198282478873,76561198120204584
2020-1-4,2429129807113296,76561198005985428,76561198825880947,2985005531524930,76561198373858287,76561198111059178,76561198051018941,76561198153055189,76561198282478873,76561198120204584
2020-1-5,2429129807113296,76561198005985428,76561198825880947,2985005531524930,76561198373858287,76561198111059178,76561198051018941,76561198153055189,76561198282478873,76561198120204584
2020-1-6,2429129807113296,76561198005985428,76561198825880947,2985005531524930,76561198373858287,76561198111059178,76561198051018941,76561198153055189,76561198282478873,76561198120204584
2020-1-7,2429129807113296,76561198005985428,76561198825880947,2985005531524930,76561198373858287,76561198111059178,76561198051018941,76561198153055189,76561198282478873,76561198120204584
2020-1-8,2429129807113296,76561198005985428,76561198825880947,2985005531524930,76561198373858287,76561198111059178,76561198051018941,76561198153055189,76561198282478873,76561198120204584
2020-1-9,2429129807113296,76561198005985428,76561198825880947,2985005531524930,76561198373858287,76561198111059178,76561198051018941,76561198153055189,76561198282478873,76561198120204584
2020-1-10,2429129807113296,76561198005985428,76561198825880947,2985005531524930,76561198373858287,76561198111059178,76561198051018941,76561198153055189,76561198282478873,76561198120204584
2020-1-11,2429129807113296,76561198005985428,76561198825880947,2985005531524930,76561198373858287,76561198111059178,76561198051018941,76561198153055189,76561198282478873,76561198120204584
2020-1-12,2429129807113296,76561198005985428,2985005531524930,76561198825880947,76561198111059178,76561198373858287,76561198051018941,76561198153055189,76561198282478873,76561198120204584
2020-1-13,2429129807113296,76561198005985428,2985005531524930,76561198825880947,76561198111059178,76561198373858287,76561198051018941,76561198153055189,76561198282478873,76561198319594601
2020-1-14,2429129807113296,76561198005985428,2985005531524930,76561198825880947,76561198111059178,76561198373858287,76561198051018941,76561198153055189,76561198282478873,76561198319594601
2020-1-15,2429129807113296,76561198005985428,2985005531524930,76561198825880947,76561198111059178,76561198373858287,76561198051018941,76561198153055189,76561198319594601,76561198282478873
2020-1-16,2429129807113296,76561198005985428,2985005531524930,76561198825880947,76561198111059178,76561198373858287,76561198051018941,76561198153055189,76561198319594601,76561198282478873
2020-1-17,2429129807113296,76561198005985428,2985005531524930,76561198825880947,76561198111059178,76561198373858287,76561198051018941,76561198153055189,76561198319594601,76561198282478873
2020-1-18,2429129807113296,76561198005985428,2985005531524930,76561198825880947,76561198111059178,76561198373858287,76561198051018941,76561198153055189,76561198319594601,76561198282478873
2020-1-19,2429129807113296,76561198005985428,2985005531524930,76561198825880947,76561198111059178,76561198373858287,76561198051018941,76561198153055189,76561198319594601,76561198282478873
2020-1-20,2429129807113296,76561198005985428,2985005531524930,76561198111059178,76561198825880947,76561198373858287,76561198051018941,76561198153055189,76561198282478873,76561198319594601
2020-1-21,2429129807113296,76561198005985428,2985005531524930,76561198111059178,76561198825880947,76561198373858287,76561198051018941,76561198153055189,76561198282478873,76561198319594601
2020-1-22,2429129807113296,76561198005985428,2985005531524930,76561198111059178,76561198825880947,76561198373858287,76561198051018941,76561198153055189,76561198282478873,76561198319594601
2020-1-23,2429129807113296,76561198005985428,2985005531524930,76561198111059178,76561198825880947,76561198373858287,76561198051018941,76561198153055189,76561198282478873,76561198319594601
2020-1-24,2429129807113296,76561198005985428,2985005531524930,76561198111059178,76561198825880947,76561198373858287,76561198051018941,76561198153055189,76561198282478873,76561198319594601
2020-1-25,2429129807113296,76561198005985428,2985005531524930,76561198111059178,76561198825880947,76561198373858287,76561198051018941,76561198153055189,76561198282478873,76561198052069531
2020-1-26,2429129807113296,76561198005985428,2985005531524930,76561198111059178,76561198825880947,76561198373858287,76561198051018941,76561198153055189,76561198052069531,76561198282478873
2020-1-27,2429129807113296,76561198005985428,76561198111059178,2985005531524930,76561198825880947,76561198373858287,76561198051018941,76561198153055189,76561198052069531,76561198282478873
2020-1-28,2429129807113296,76561198005985428,76561198111059178,2985005531524930,76561198825880947,76561198373858287,76561198051018941,76561198153055189,76561198052069531,76561198282478873
2020-1-29,2429129807113296,76561198005985428,76561198111059178,2985005531524930,76561198825880947,76561198373858287,76561198051018941,76561198153055189,76561198052069531,76561198282478873
2020-1-30,2429129807113296,76561198005985428,76561198111059178,2985005531524930,76561198825880947,76561198373858287,76561198051018941,76561198153055189,76561198052069531,76561198282478873
2020-1-31,2429129807113296,76561198005985428,76561198111059178,2985005531524930,76561198825880947,76561198373858287,76561198051018941,76561198153055189,76561198319594601,76561198052069531
2020-2-1,2429129807113296,76561198005985428,76561198111059178,2985005531524930,76561198825880947,76561198373858287,76561198051018941,76561198153055189,76561198319594601,76561198052069531
2020-2-2,2429129807113296,76561198005985428,76561198111059178,2985005531524930,76561198825880947,76561198373858287,76561198051018941,76561198153055189,76561198319594601,76561198052069531
2020-2-3,2429129807113296,76561198005985428,76561198111059178,2985005531524930,76561198825880947,76561198373858287,76561198051018941,76561198153055189,76561198319594601,76561198052069531
2020-2-4,2429129807113296,76561198005985428,76561198111059178,2985005531524930,76561198825880947,76561198373858287,76561198051018941,76561198153055189,76561198319594601,76561198052069531
2020-2-5,2429129807113296,76561198005985428,76561198111059178,2985005531524930,76561198825880947,76561198373858287,76561198051018941,76561198153055189,76561198319594601,76561198282478873
2020-2-6,2429129807113296,76561198005985428,76561198111059178,2985005531524930,76561198825880947,76561198373858287,76561198051018941,76561198153055189,76561198319594601,76561198282478873
2020-2-7,2429129807113296,76561198005985428,76561198111059178,2985005531524930,76561198825880947,76561198373858287,76561198051018941,76561198153055189,76561198319594601,76561198282478873
2020-2-8,2429129807113296,76561198005985428,76561198111059178,2985005531524930,76561198825880947,76561198373858287,76561198051018941,76561198153055189,76561198319594601,76561198282478873
2020-2-9,2429129807113296,76561198005985428,76561198111059178,2985005531524930,76561198825880947,76561198373858287,76561198051018941,76561198153055189,76561198282478873,76561198319594601
2020-2-10,2429129807113296,76561198005985428,76561198111059178,2985005531524930,76561198825880947,76561198373858287,76561198051018941,76561198153055189,76561198282478873,76561198319594601
2020-2-11,2429129807113296,76561198005985428,76561198111059178,2985005531524930,76561198825880947,76561198373858287,76561198051018941,76561198153055189,76561198282478873,76561198319594601
2020-2-12,2429129807113296,76561198005985428,76561198111059178,2985005531524930,76561198825880947,76561198373858287,76561198051018941,76561198153055189,76561198282478873,76561198319594601
2020-2-13,2429129807113296,76561198005985428,76561198111059178,2985005531524930,76561198825880947,76561198373858287,76561198051018941,76561198153055189,76561198282478873,76561198319594601
2020-2-14,2429129807113296,76561198005985428,76561198111059178,2985005531524930,76561198825880947,76561198373858287,76561198051018941,76561198153055189,76561198282478873,76561198319594601
2020-2-15,2429129807113296,76561198005985428,76561198111059178,2985005531524930,76561198825880947,76561198373858287,76561198051018941,76561198153055189,76561198282478873,76561198319594601
2020-2-16,2429129807113296,76561198005985428,76561198111059178,2985005531524930,76561198825880947,76561198373858287,76561198051018941,76561198153055189,76561198282478873,76561198319594601
2020-2-17,2429129807113296,76561198005985428,76561198111059178,2985005531524930,76561198373858287,76561198825880947,76561198051018941,76561198153055189,76561198282478873,76561198319594601
2020-2-18,2429129807113296,76561198005985428,76561198111059178,2985005531524930,76561198373858287,76561198825880947,76561198051018941,76561198153055189,76561198282478873,76561198319594601
2020-2-19,2429129807113296,76561198005985428,76561198111059178,2985005531524930,76561198373858287,76561198825880947,76561198051018941,76561198153055189,76561198282478873,76561198319594601
2020-2-20,2429129807113296,76561198005985428,76561198111059178,2985005531524930,76561198373858287,76561198825880947,76561198051018941,76561198153055189,76561198119167830,76561198319594601
2020-2-21,2429129807113296,76561198005985428,76561198111059178,2985005531524930,76561198373858287,76561198825880947,76561198051018941,76561198153055189,76561198119167830,76561198319594601
2020-2-22,2429129807113296,76561198005985428,76561198111059178,2985005531524930,76561198373858287,76561198825880947,76561198051018941,76561198153055189,76561198119167830,76561198319594601
2020-2-23,2429129807113296,76561198005985428,76561198111059178,2985005531524930,76561198373858287,76561198825880947,76561198051018941,76561198153055189,76561198319594601,76561198119167830
2020-2-24,2429129807113296,76561198005985428,76561198111059178,2985005531524930,76561198373858287,76561198825880947,76561198051018941,76561198153055189,76561198319594601,76561198119167830
2020-2-25,2429129807113296,76561198005985428,76561198111059178,2985005531524930,76561198373858287,76561198825880947,76561198051018941,76561198153055189,76561198319594601,76561198119167830
2020-2-26,2429129807113296,76561198005985428,76561198111059178,2985005531524930,76561198825880947,76561198373858287,76561198051018941,76561198153055189,76561198319594601,76561198119167830
2020-2-27,2429129807113296,76561198005985428,76561198111059178,2985005531524930,76561198825880947,76561198373858287,76561198051018941,76561198153055189,76561198119167830,76561198319594601
2020-2-28,2429129807113296,76561198005985428,76561198111059178,76561198825880947,2985005531524930,76561198373858287,76561198051018941,76561198153055189,76561198319594601,76561198119167830
2020-2-29,2429129807113296,76561198005985428,76561198111059178,76561198825880947,2985005531524930,76561198373858287,76561198051018941,76561198153055189,76561198319594601,76561198119167830
2020-3-1,2429129807113296,76561198005985428,76561198111059178,76561198825880947,2985005531524930,76561198373858287,76561198051018941,76561198153055189,76561198319594601,76561198119167830
2020-3-2,2429129807113296,76561198005985428,76561198111059178,76561198825880947,2985005531524930,76561198373858287,76561198051018941,76561198282478873,76561198153055189,76561198119167830
2020-3-3,2429129807113296,76561198005985428,76561198111059178,76561198825880947,2985005531524930,76561198373858287,76561198051018941,76561198153055189,76561198282478873,76561198119167830
2020-3-4,2429129807113296,76561198005985428,76561198111059178,76561198825880947,2985005531524930,76561198373858287,76561198051018941,76561198153055189,76561198282478873,76561198319594601
2020-3-5,2429129807113296,76561198005985428,76561198111059178,76561198825880947,2985005531524930,76561198373858287,76561198051018941,76561198153055189,76561198282478873,76561198119167830
2020-3-6,2429129807113296,76561198005985428,76561198111059178,76561198825880947,76561198373858287,2985005531524930,76561198051018941,76561198153055189,76561198282478873,76561198319594601
2020-3-7,2429129807113296,76561198005985428,76561198111059178,76561198825880947,76561198373858287,2985005531524930,76561198051018941,76561198153055189,76561198282478873,76561198319594601
2020-3-8,2429129807113296,76561198005985428,76561198111059178,76561198825880947,76561198373858287,2985005531524930,76561198051018941,76561198153055189,76561198282478873,76561198319594601
2020-3-9,2429129807113296,76561198005985428,76561198111059178,76561198825880947,76561198373858287,2985005531524930,76561198051018941,76561198153055189,76561198282478873,76561198319594601
2020-3-10,2429129807113296,76561198005985428,76561198111059178,76561198825880947,76561198373858287,2985005531524930,76561198051018941,76561198153055189,76561198282478873,76561198319594601
2020-3-11,2429129807113296,76561198005985428,76561198111059178,76561198825880947,76561198373858287,2985005531524930,76561198051018941,76561198153055189,76561198282478873,76561198319594601
2020-3-12,2429129807113296,76561198005985428,76561198111059178,76561198825880947,76561198373858287,2985005531524930,76561198051018941,76561198153055189,76561198282478873,76561198319594601
2020-3-13,2429129807113296,76561198005985428,76561198111059178,76561198825880947,76561198373858287,2985005531524930,76561198051018941,76561198153055189,76561198282478873,2706482852701803
2020-3-14,2429129807113296,76561198005985428,76561198111059178,76561198825880947,76561198373858287,2985005531524930,76561198051018941,76561198153055189,76561198282478873,2706482852701803
2020-3-15,2429129807113296,76561198005985428,76561198111059178,76561198825880947,76561198373858287,2985005531524930,76561198051018941,76561198153055189,76561198282478873,76561198319594601
2020-3-16,2429129807113296,76561198005985428,76561198111059178,76561198825880947,76561198373858287,2985005531524930,76561198051018941,76561198153055189,76561198282478873,76561198319594601
2020-3-17,2429129807113296,76561198005985428,76561198111059178,76561198825880947,76561198373858287,2985005531524930,76561198051018941,76561198153055189,76561198319594601,76561198282478873
2020-3-18,2429129807113296,76561198005985428,76561198111059178,76561198825880947,76561198373858287,2985005531524930,76561198051018941,76561198153055189,76561198319594601,76561198282478873
2020-3-19,2429129807113296,76561198005985428,76561198111059178,76561198825880947,76561198373858287,2985005531524930,76561198051018941,76561198153055189,76561198319594601,76561198282478873
2020-3-20,2429129807113296,76561198005985428,76561198111059178,76561198825880947,76561198373858287,2985005531524930,76561198051018941,76561198153055189,76561198319594601,76561198282478873
2020-3-21,2429129807113296,76561198005985428,76561198111059178,76561198825880947,76561198373858287,2985005531524930,76561198051018941,76561198153055189,76561198319594601,76561198282478873
2020-3-22,2429129807113296,76561198005985428,76561198111059178,76561198825880947,76561198373858287,2985005531524930,76561198051018941,76561198153055189,76561198319594601,76561198282478873
2020-3-23,2429129807113296,76561198005985428,76561198111059178,76561198825880947,76561198373858287,2985005531524930,76561198051018941,76561198153055189,76561198319594601,76561198282478873
2020-3-24,2429129807113296,76561198005985428,76561198111059178,76561198825880947,76561198373858287,2985005531524930,76561198051018941,76561198153055189,76561198319594601,76561198282478873
2020-3-25,2429129807113296,76561198005985428,76561198111059178,76561198825880947,76561198373858287,2985005531524930,76561198051018941,76561198153055189,76561198319594601,76561198282478873
2020-3-26,2429129807113296,76561198005985428,76561198111059178,76561198825880947,76561198373858287,2985005531524930,76561198051018941,76561198153055189,76561198319594601,76561198282478873
2020-3-27,2429129807113296,76561198005985428,76561198111059178,76561198825880947,76561198373858287,2985005531524930,76561198051018941,76561198153055189,76561198319594601,76561198282478873
2020-3-28,2429129807113296,76561198005985428,76561198111059178,76561198825880947,76561198373858287,2985005531524930,76561198051018941,76561198153055189,76561198319594601,76561198282478873
2020-3-29,2429129807113296,76561198005985428,76561198111059178,76561198825880947,76561198373858287,2985005531524930,76561198051018941,76561198153055189,76561198319594601,76561198282478873
2020-3-30,2429129807113296,76561198005985428,76561198111059178,76561198373858287,76561198825880947,2985005531524930,76561198051018941,76561198153055189,76561198319594601,76561198282478873
2020-3-31,2429129807113296,76561198005985428,76561198111059178,76561198373858287,76561198825880947,2985005531524930,76561198051018941,76561198153055189,76561198319594601,76561198023179088
2020-4-1,2429129807113296,76561198005985428,76561198373858287,76561198111059178,76561198825880947,2985005531524930,76561198051018941,76561198153055189,76561198319594601,76561198023179088
2020-4-2,2429129807113296,76561198005985428,76561198373858287,76561198111059178,76561198825880947,2985005531524930,76561198051018941,76561198153055189,76561198319594601,2706482852701803
2020-4-3,2429129807113296,76561198005985428,76561198373858287,76561198111059178,76561198825880947,2985005531524930,76561198051018941,76561198153055189,76561198355532572,76561198319594601
2020-4-4,2429129807113296,76561198005985428,76561198373858287,76561198111059178,76561198825880947,2985005531524930,76561198051018941,76561198153055189,76561198355532572,2706482852701803
2020-4-5,2429129807113296,76561198005985428,76561198373858287,76561198111059178,76561198825880947,2985005531524930,76561198051018941,76561198153055189,76561198355532572,2706482852701803
2020-4-6,2429129807113296,76561198005985428,76561198373858287,76561198111059178,76561198825880947,2985005531524930,76561198051018941,76561198153055189,2706482852701803,76561198355532572
2020-4-7,2429129807113296,76561198005985428,76561198373858287,76561198111059178,76561198825880947,2985005531524930,76561198051018941,76561198153055189,2706482852701803,76561198355532572
2020-4-8,2429129807113296,76561198005985428,76561198373858287,76561198111059178,76561198825880947,2985005531524930,76561198051018941,76561198153055189,2706482852701803,76561198355532572
2020-4-9,2429129807113296,76561198005985428,76561198373858287,76561198111059178,76561198825880947,2985005531524930,76561198051018941,76561198153055189,2706482852701803,76561198355532572
2020-4-10,2429129807113296,76561198005985428,76561198373858287,76561198111059178,76561198825880947,2985005531524930,76561198051018941,76561198153055189,2706482852701803,76561198355532572
2020-4-11,2429129807113296,76561198005985428,76561198373858287,76561198111059178,76561198825880947,2985005531524930,76561198051018941,76561198153055189,2706482852701803,76561198355532572
2020-4-12,2429129807113296,76561198005985428,76561198373858287,76561198111059178,76561198825880947,2985005531524930,76561198051018941,76561198153055189,2706482852701803,76561198355532572
2020-4-13,2429129807113296,76561198005985428,76561198373858287,76561198111059178,76561198825880947,2985005531524930,76561198051018941,76561198153055189,2706482852701803,76561198355532572
2020-4-14,2429129807113296,76561198005985428,76561198373858287,76561198111059178,2985005531524930,76561198825880947,76561198051018941,76561198153055189,2706482852701803,76561198355532572
2020-4-15,2429129807113296,76561198005985428,76561198373858287,76561198111059178,2985005531524930,76561198825880947,76561198051018941,76561198153055189,2706482852701803,76561198355532572
2020-4-16,2429129807113296,76561198005985428,76561198373858287,76561198111059178,2985005531524930,76561198825880947,76561198051018941,76561198153055189,2706482852701803,76561198355532572
2020-4-17,2429129807113296,76561198005985428,76561198373858287,76561198111059178,2985005531524930,76561198825880947,76561198051018941,76561198153055189,2706482852701803,76561198355532572
2020-4-18,2429129807113296,76561198005985428,76561198373858287,2985005531524930,76561198111059178,76561198825880947,76561198051018941,2706482852701803,76561198153055189,76561198355532572
2020-4-19,2429129807113296,76561198005985428,76561198373858287,2985005531524930,76561198111059178,76561198825880947,76561198051018941,2706482852701803,76561198153055189,76561198355532572
2020-4-20,2429129807113296,76561198005985428,76561198373858287,2985005531524930,76561198111059178,76561198825880947,76561198051018941,2706482852701803,76561198153055189,76561198355532572
2020-4-21,2429129807113296,76561198005985428,76561198373858287,2985005531524930,76561198111059178,76561198825880947,76561198051018941,2706482852701803,76561198355532572,76561198153055189
2020-4-22,2429129807113296,76561198005985428,76561198373858287,2985005531524930,76561198111059178,76561198825880947,76561198051018941,76561198355532572,2706482852701803,76561198153055189
2020-4-23,2429129807113296,76561198005985428,76561198373858287,2985005531524930,76561198111059178,76561198825880947,76561198051018941,76561198355532572,2706482852701803,76561198153055189
2020-4-24,2429129807113296,76561198005985428,2985005531524930,76561198373858287,76561198111059178,76561198825880947,76561198051018941,76561198355532572,2706482852701803,76561198153055189
2020-4-25,2429129807113296,76561198005985428,2985005531524930,76561198373858287,76561198111059178,76561198051018941,76561198825880947,76561198355532572,2706482852701803,76561198153055189
2020-4-26,2429129807113296,76561198005985428,2985005531524930,76561198373858287,76561198111059178,76561198051018941,76561198825880947,76561198355532572,2706482852701803,76561198153055189
2020-4-27,2429129807113296,76561198005985428,2985005531524930,76561198373858287,76561198111059178,76561198051018941,76561198825880947,76561198355532572,2706482852701803,76561198153055189
2020-4-28,2429129807113296,76561198005985428,2985005531524930,76561198373858287,76561198111059178,76561198051018941,76561198825880947,76561198355532572,2706482852701803,76561198153055189
2020-4-29,2429129807113296,76561198005985428,2985005531524930,76561198373858287,76561198111059178,76561198051018941,76561198825880947,76561198355532572,2706482852701803,76561198153055189
2020-4-30,2429129807113296,76561198005985428,2985005531524930,76561198373858287,76561198111059178,76561198051018941,76561198825880947,76561198355532572,2706482852701803,76561198153055189
2020-5-1,2429129807113296,76561198005985428,2985005531524930,76561198373858287,76561198111059178,76561198051018941,76561198825880947,76561198355532572,2706482852701803,76561198153055189
2020-5-2,2429129807113296,76561198005985428,2985005531524930,76561198373858287,76561198111059178,76561198051018941,76561198825880947,76561198355532572,2706482852701803,76561198153055189
2020-5-3,2429129807113296,76561198005985428,2985005531524930,76561198373858287,76561198051018941,76561198111059178,76561198825880947,76561198355532572,2706482852701803,76561198153055189
2020-5-4,2429129807113296,76561198005985428,2985005531524930,76561198373858287,76561198051018941,76561198111059178,76561198825880947,76561198355532572,2706482852701803,76561198153055189
2020-5-5,2429129807113296,76561198005985428,2985005531524930,76561198373858287,76561198051018941,76561198111059178,76561198825880947,76561198355532572,2706482852701803,76561198153055189
2020-5-6,2429129807113296,76561198005985428,2985005531524930,76561198373858287,76561198051018941,76561198111059178,76561198825880947,76561198355532572,2706482852701803,76561198153055189
2020-5-7,2429129807113296,76561198005985428,2985005531524930,76561198373858287,76561198051018941,76561198111059178,76561198825880947,76561198355532572,2706482852701803,76561198153055189
2020-5-8,2429129807113296,76561198005985428,2985005531524930,76561198373858287,76561198111059178,76561198051018941,76561198825880947,76561198355532572,2706482852701803,76561198153055189
2020-5-9,2429129807113296,76561198005985428,2985005531524930,76561198373858287,76561198111059178,76561198051018941,76561198825880947,76561198355532572,2706482852701803,76561198153055189
2020-5-10,2429129807113296,76561198005985428,2985005531524930,76561198373858287,76561198111059178,76561198051018941,76561198825880947,76561198355532572,2706482852701803,76561198153055189
2020-5-11,2429129807113296,76561198005985428,2985005531524930,76561198373858287,76561198111059178,76561198051018941,76561198825880947,76561198355532572,2706482852701803,76561198153055189
2020-5-12,2429129807113296,76561198005985428,2985005531524930,76561198373858287,76561198111059178,76561198051018941,76561198825880947,76561198355532572,2706482852701803,76561198153055189
2020-5-13,2429129807113296,76561198005985428,2985005531524930,76561198373858287,76561198111059178,76561198051018941,76561198825880947,76561198355532572,2706482852701803,76561198153055189
2020-5-14,2429129807113296,76561198005985428,2985005531524930,76561198373858287,76561198111059178,76561198051018941,76561198825880947,76561198355532572,2706482852701803,76561198153055189
2020-5-15,2429129807113296,76561198005985428,2985005531524930,76561198373858287,76561198111059178,76561198051018941,76561198825880947,76561198355532572,2706482852701803,76561198153055189
2020-5-16,2429129807113296,76561198005985428,2985005531524930,76561198373858287,76561198111059178,76561198051018941,76561198825880947,76561198355532572,2706482852701803,76561198153055189
2020-5-17,2429129807113296,76561198005985428,2985005531524930,76561198373858287,76561198111059178,76561198051018941,76561198825880947,76561198355532572,2706482852701803,76561198153055189
2020-5-18,2429129807113296,76561198005985428,2985005531524930,76561198111059178,76561198373858287,76561198051018941,76561198825880947,76561198355532572,2706482852701803,76561198153055189
2020-5-19,2429129807113296,76561198005985428,2985005531524930,76561198111059178,76561198373858287,76561198051018941,76561198825880947,76561198355532572,2706482852701803,76561198153055189
2020-5-20,2429129807113296,76561198005985428,2985005531524930,76561198111059178,76561198373858287,76561198051018941,76561198825880947,76561198355532572,2706482852701803,76561198153055189
2020-5-21,2429129807113296,76561198005985428,2985005531524930,76561198373858287,76561198111059178,76561198051018941,76561198825880947,76561198355532572,2706482852701803,76561198153055189
2020-5-22,2429129807113296,76561198005985428,2985005531524930,76561198373858287,76561198111059178,76561198051018941,76561198825880947,76561198355532572,2706482852701803,76561198153055189
2020-5-23,2429129807113296,76561198005985428,2985005531524930,76561198373858287,76561198111059178,76561198051018941,76561198825880947,76561198355532572,2706482852701803,76561198153055189
2020-5-24,2429129807113296,76561198005985428,2985005531524930,76561198373858287,76561198111059178,76561198051018941,76561198825880947,76561198355532572,2706482852701803,76561198421554786
2020-5-25,2429129807113296,76561198005985428,2985005531524930,76561198373858287,76561198111059178,76561198051018941,76561198825880947,76561198355532572,2706482852701803,76561198421554786
2020-5-26,2429129807113296,76561198005985428,2985005531524930,76561198373858287,76561198111059178,76561198051018941,76561198825880947,76561198355532572,2706482852701803,76561198421554786
2020-5-27,2429129807113296,76561198005985428,2985005531524930,76561198373858287,76561198111059178,76561198051018941,76561198825880947,76561198355532572,2706482852701803,76561198421554786
2020-5-28,2429129807113296,76561198005985428,2985005531524930,76561198373858287,76561198111059178,76561198825880947,76561198051018941,76561198355532572,2706482852701803,76561198421554786
2020-5-29,2429129807113296,76561198005985428,2985005531524930,76561198373858287,76561198111059178,76561198825880947,76561198051018941,76561198355532572,2706482852701803,76561198421554786
2020-5-30,2429129807113296,76561198005985428,2985005531524930,76561198373858287,76561198111059178,76561198825880947,76561198051018941,76561198355532572,2706482852701803,76561198421554786
2020-5-31,2429129807113296,76561198005985428,2985005531524930,76561198373858287,76561198111059178,76561198825880947,76561198051018941,76561198355532572,2706482852701803,76561198421554786
2020-6-1,2429129807113296,76561198005985428,2985005531524930,76561198373858287,76561198111059178,76561198825880947,76561198051018941,76561198355532572,2706482852701803,76561198421554786
2020-6-2,2429129807113296,76561198005985428,2985005531524930,76561198373858287,76561198111059178,76561198825880947,76561198051018941,76561198355532572,2706482852701803,76561198421554786
2020-6-3,2429129807113296,76561198005985428,2985005531524930,76561198373858287,76561198111059178,76561198825880947,76561198051018941,76561198355532572,2706482852701803,76561198421554786
2020-6-4,2429129807113296,76561198005985428,2985005531524930,76561198373858287,76561198111059178,76561198825880947,76561198051018941,76561198355532572,2706482852701803,76561198421554786
2020-6-5,2429129807113296,76561198005985428,2985005531524930,76561198373858287,76561198111059178,76561198825880947,76561198051018941,76561198355532572,2706482852701803,76561198421554786
2020-6-6,2429129807113296,76561198005985428,2985005531524930,76561198373858287,76561198111059178,76561198825880947,76561198051018941,2706482852701803,76561198355532572,76561198421554786
2020-6-7,2429129807113296,76561198005985428,2985005531524930,76561198373858287,76561198111059178,76561198825880947,76561198051018941,2706482852701803,76561198355532572,76561198421554786
2020-6-8,2429129807113296,76561198005985428,2985005531524930,76561198373858287,76561198111059178,76561198825880947,76561198051018941,2706482852701803,76561198355532572,76561198421554786
2020-6-9,2429129807113296,76561198005985428,2985005531524930,76561198373858287,76561198111059178,76561198825880947,76561198051018941,2706482852701803,76561198355532572,76561198421554786
2020-6-10,2429129807113296,76561198005985428,2985005531524930,76561198373858287,76561198111059178,76561198825880947,76561198051018941,2706482852701803,76561198355532572,76561198421554786
2020-6-11,2429129807113296,76561198005985428,2985005531524930,76561198373858287,76561198111059178,76561198825880947,76561198051018941,2706482852701803,76561198355532572,76561198421554786
2020-6-12,2429129807113296,76561198005985428,2985005531524930,76561198373858287,76561198111059178,76561198825880947,76561198051018941,2706482852701803,76561198355532572,76561198421554786
2020-6-13,2429129807113296,76561198005985428,2985005531524930,76561198373858287,76561198111059178,76561198825880947,76561198051018941,2706482852701803,76561198355532572,76561198421554786
2020-6-14,2429129807113296,76561198005985428,2985005531524930,76561198373858287,76561198111059178,76561198825880947,76561198051018941,2706482852701803,76561198355532572,76561198421554786
2020-6-15,2429129807113296,76561198005985428,2985005531524930,76561198373858287,76561198111059178,76561198825880947,76561198051018941,2706482852701803,76561198355532572,76561198421554786
2020-6-16,2429129807113296,76561198005985428,2985005531524930,76561198373858287,76561198111059178,76561198825880947,76561198051018941,2706482852701803,76561198355532572,76561198421554786
2020-6-17,2429129807113296,76561198005985428,2985005531524930,76561198373858287,76561198111059178,76561198825880947,76561198051018941,2706482852701803,76561198355532572,76561198421554786
2020-6-18,2429129807113296,76561198005985428,2985005531524930,76561198373858287,76561198111059178,76561198825880947,76561198051018941,2706482852701803,76561198355532572,76561198421554786
2020-6-19,2429129807113296,76561198005985428,2985005531524930,76561198373858287,76561198111059178,76561198825880947,76561198051018941,2706482852701803,76561198355532572,76561198421554786
2020-6-20,2429129807113296,76561198005985428,2985005531524930,76561198373858287,76561198111059178,76561198825880947,76561198051018941,2706482852701803,76561198355532572,76561198421554786
2020-6-21,2429129807113296,76561198005985428,2985005531524930,76561198373858287,76561198111059178,76561198825880947,76561198051018941,2706482852701803,76561198355532572,76561198421554786
2020-6-22,2429129807113296,76561198005985428,2985005531524930,76561198373858287,76561198111059178,76561198825880947,76561198051018941,2706482852701803,76561198355532572,76561198421554786
2020-6-23,2429129807113296,76561198005985428,2985005531524930,76561198373858287,76561198111059178,76561198825880947,76561198051018941,2706482852701803,76561198355532572,76561198421554786
2020-6-24,2429129807113296,76561198005985428,2985005531524930,76561198373858287,76561198111059178,76561198825880947,2706482852701803,76561198051018941,76561198355532572,76561198421554786
2020-6-25,2429129807113296,76561198005985428,2985005531524930,76561198373858287,76561198111059178,76561198825880947,2706482852701803,76561198051018941,76561198355532572,76561198421554786
2020-6-26,2429129807113296,76561198005985428,2985005531524930,76561198373858287,76561198111059178,76561198825880947,2706482852701803,76561198051018941,76561198355532572,76561198421554786
2020-6-27,2429129807113296,76561198005985428,2985005531524930,76561198373858287,76561198111059178,76561198825880947,2706482852701803,76561198051018941,76561198355532572,76561198421554786
2020-6-28,2429129807113296,76561198005985428,2985005531524930,76561198373858287,76561198111059178,76561198825880947,2706482852701803,76561198051018941,76561198355532572,76561198421554786
2020-6-29,2429129807113296,76561198005985428,2985005531524930,76561198373858287,76561198111059178,76561198825880947,2706482852701803,76561198051018941,76561198355532572,76561198421554786
2020-6-30,2429129807113296,76561198005985428,2985005531524930,76561198373858287,76561198111059178,76561198825880947,2706482852701803,76561198051018941,76561198355532572,76561198421554786
2020-7-1,2429129807113296,76561198005985428,2985005531524930,76561198373858287,76561198111059178,76561198825880947,2706482852701803,76561198051018941,76561198355532572,76561198421554786
2020-7-2,2429129807113296,76561198005985428,2985005531524930,76561198373858287,76561198111059178,76561198825880947,2706482852701803,76561198051018941,76561198355532572,76561198421554786
2020-7-3,2429129807113296,76561198005985428,2985005531524930,76561198373858287,76561198111059178,76561198825880947,2706482852701803,76561198051018941,76561198355532572,76561198421554786
2020-7-4,2429129807113296,76561198005985428,2985005531524930,76561198373858287,76561198111059178,76561198825880947,2706482852701803,76561198051018941,76561198355532572,76561198421554786
2020-7-5,2429129807113296,76561198005985428,2985005531524930,76561198373858287,76561198111059178,2706482852701803,76561198825880947,76561198051018941,76561198355532572,76561198421554786
2020-7-6,2429129807113296,76561198005985428,2985005531524930,76561198373858287,76561198111059178,2706482852701803,76561198825880947,76561198051018941,76561198355532572,76561198421554786
2020-7-7,2429129807113296,76561198005985428,2985005531524930,76561198373858287,76561198111059178,2706482852701803,76561198825880947,76561198051018941,76561198355532572,76561198421554786
2020-7-8,2429129807113296,76561198005985428,2985005531524930,76561198373858287,76561198111059178,76561198825880947,2706482852701803,76561198051018941,76561198355532572,76561198421554786
2020-7-9,2429129807113296,76561198005985428,2985005531524930,76561198373858287,76561198111059178,76561198825880947,2706482852701803,76561198051018941,76561198355532572,76561198421554786
2020-7-10,2429129807113296,76561198005985428,2985005531524930,76561198373858287,76561198825880947,76561198111059178,2706482852701803,76561198051018941,76561198355532572,76561198421554786
2020-7-11,2429129807113296,76561198005985428,2985005531524930,76561198373858287,76561198825880947,76561198111059178,2706482852701803,76561198051018941,76561198355532572,76561198421554786
2020-7-12,2429129807113296,76561198005985428,2985005531524930,76561198373858287,76561198825880947,2706482852701803,76561198111059178,76561198051018941,76561198355532572,76561198421554786
2020-7-13,2429129807113296,76561198005985428,2985005531524930,76561198373858287,76561198825880947,2706482852701803,76561198111059178,76561198051018941,76561198355532572,76561198421554786
2020-7-14,2429129807113296,76561198005985428,2985005531524930,76561198373858287,2706482852701803,76561198825880947,76561198111059178,76561198051018941,76561198355532572,76561198421554786
2020-7-15,2429129807113296,76561198005985428,2985005531524930,76561198373858287,76561198825880947,2706482852701803,76561198111059178,76561198051018941,76561198355532572,76561198421554786
2020-7-16,2429129807113296,76561198005985428,2985005531524930,76561198373858287,2706482852701803,76561198825880947,76561198111059178,76561198051018941,76561198355532572,76561198421554786
2020-7-17,2429129807113296,76561198005985428,2985005531524930,76561198373858287,2706482852701803,76561198825880947,76561198111059178,76561198051018941,76561198355532572,76561198421554786
2020-7-18,2429129807113296,76561198005985428,2985005531524930,76561198373858287,2706482852701803,76561198825880947,76561198111059178,76561198051018941,76561198355532572,76561198421554786
2020-7-19,2429129807113296,76561198005985428,2985005531524930,76561198373858287,2706482852701803,76561198825880947,76561198111059178,76561198051018941,76561198355532572,76561198421554786
2020-7-20,2429129807113296,76561198005985428,2985005531524930,76561198373858287,2706482852701803,76561198825880947,76561198111059178,76561198051018941,76561198355532572,76561198421554786
2020-7-21,2429129807113296,76561198005985428,2985005531524930,76561198373858287,2706482852701803,76561198825880947,76561198111059178,76561198051018941,76561198355532572,76561198421554786
2020-7-22,2429129807113296,76561198005985428,2985005531524930,76561198373858287,2706482852701803,76561198825880947,76561198111059178,76561198051018941,76561198355532572,76561198421554786
2020-7-23,2429129807113296,76561198005985428,2985005531524930,2706482852701803,76561198373858287,76561198825880947,76561198111059178,76561198051018941,76561198355532572,76561198421554786
2020-7-24,2429129807113296,76561198005985428,2985005531524930,2706482852701803,76561198373858287,76561198825880947,76561198111059178,76561198355532572,76561198051018941,76561198421554786
2020-7-25,2429129807113296,76561198005985428,2985005531524930,2706482852701803,76561198373858287,76561198825880947,76561198111059178,76561198355532572,76561198051018941,76561198421554786
2020-7-26,2429129807113296,76561198005985428,2985005531524930,2706482852701803,76561198373858287,76561198825880947,76561198111059178,76561198355532572,76561198051018941,76561198421554786
2020-7-27,2429129807113296,76561198005985428,2985005531524930,2706482852701803,76561198373858287,76561198825880947,76561198111059178,76561198355532572,76561198051018941,76561198421554786
2020-7-28,2429129807113296,76561198005985428,2985005531524930,2706482852701803,76561198373858287,76561198825880947,76561198111059178,76561198355532572,76561198421554786,76561198051018941
2020-7-29,2429129807113296,76561198005985428,2985005531524930,2706482852701803,76561198373858287,76561198825880947,76561198111059178,76561198355532572,76561198421554786,76561198051018941
2020-7-30,2429129807113296,76561198005985428,2985005531524930,2706482852701803,76561198373858287,76561198825880947,76561198111059178,76561198355532572,76561198421554786,76561198051018941
2020-7-31,2429129807113296,76561198005985428,2985005531524930,2706482852701803,76561198373858287,76561198825880947,76561198111059178,76561198355532572,76561198421554786,76561198051018941
2020-8-1,2429129807113296,76561198005985428,2985005531524930,2706482852701803,76561198373858287,76561198825880947,76561198111059178,76561198355532572,76561198421554786,76561198051018941
2020-8-2,2429129807113296,76561198005985428,2985005531524930,2706482852701803,76561198373858287,76561198825880947,76561198111059178,76561198355532572,76561198421554786,76561198051018941
2020-8-3,2429129807113296,76561198005985428,2985005531524930,2706482852701803,76561198373858287,76561198825880947,76561198111059178,76561198355532572,76561198421554786,76561198051018941
2020-8-4,2429129807113296,76561198005985428,2985005531524930,2706482852701803,76561198373858287,76561198825880947,76561198111059178,76561198355532572,76561198421554786,76561198051018941
2020-8-5,2429129807113296,76561198005985428,2985005531524930,2706482852701803,76561198373858287,76561198825880947,76561198111059178,76561198355532572,76561198421554786,76561198051018941
2020-8-6,2429129807113296,76561198005985428,2985005531524930,2706482852701803,76561198373858287,76561198825880947,76561198111059178,76561198355532572,76561198421554786,76561198051018941
2020-8-7,2429129807113296,76561198005985428,2985005531524930,2706482852701803,76561198373858287,76561198825880947,76561198111059178,76561198355532572,76561198421554786,76561198051018941
2020-8-8,2429129807113296,76561198005985428,2985005531524930,2706482852701803,76561198373858287,76561198825880947,76561198111059178,76561198355532572,76561198421554786,1477469542377599
2020-8-9,2429129807113296,76561198005985428,2985005531524930,2706482852701803,76561198373858287,76561198825880947,76561198111059178,76561198355532572,76561198421554786,1477469542377599
2020-8-10,2429129807113296,76561198005985428,2985005531524930,2706482852701803,76561198373858287,76561198825880947,76561198111059178,76561198355532572,76561198421554786,1477469542377599
2020-8-11,2429129807113296,76561198005985428,2985005531524930,2706482852701803,76561198373858287,76561198825880947,76561198111059178,76561198355532572,76561198421554786,1477469542377599
2020-8-12,2429129807113296,76561198005985428,2985005531524930,2706482852701803,76561198373858287,76561198825880947,76561198111059178,76561198355532572,76561198421554786,1477469542377599
2020-8-13,2429129807113296,76561198005985428,2985005531524930,2706482852701803,76561198825880947,76561198373858287,76561198111059178,76561198355532572,76561198421554786,1477469542377599
2020-8-14,2429129807113296,76561198005985428,2985005531524930,2706482852701803,76561198825880947,76561198373858287,76561198111059178,76561198355532572,76561198421554786,1477469542377599
2020-8-15,2429129807113296,76561198005985428,2985005531524930,2706482852701803,76561198825880947,76561198373858287,76561198111059178,76561198355532572,76561198421554786,1477469542377599
2020-8-16,2429129807113296,76561198005985428,2985005531524930,2706482852701803,76561198825880947,76561198373858287,76561198111059178,76561198355532572,76561198421554786,1477469542377599
2020-8-17,2429129807113296,76561198005985428,2985005531524930,2706482852701803,76561198825880947,76561198373858287,76561198111059178,76561198355532572,76561198421554786,1477469542377599
2020-8-18,2429129807113296,76561198005985428,2985005531524930,2706482852701803,76561198825880947,76561198373858287,76561198111059178,76561198355532572,76561198421554786,1477469542377599
2020-8-19,2429129807113296,76561198005985428,2985005531524930,2706482852701803,76561198825880947,76561198373858287,76561198111059178,76561198355532572,76561198421554786,1477469542377599
2020-8-20,2429129807113296,76561198005985428,2985005531524930,2706482852701803,76561198373858287,76561198825880947,76561198355532572,76561198111059178,76561198421554786,1477469542377599
2020-8-21,2429129807113296,76561198005985428,2985005531524930,2706482852701803,76561198373858287,76561198825880947,76561198421554786,76561198355532572,76561198111059178,1477469542377599
2020-8-22,2429129807113296,76561198005985428,2985005531524930,2706482852701803,76561198373858287,76561198825880947,76561198421554786,76561198355532572,76561198111059178,1477469542377599
2020-8-23,2429129807113296,76561198005985428,2985005531524930,76561198373858287,2706482852701803,76561198825880947,76561198421554786,76561198355532572,76561198111059178,1477469542377599
2020-8-24,2429129807113296,76561198005985428,2985005531524930,76561198373858287,2706482852701803,76561198825880947,76561198421554786,76561198355532572,76561198111059178,1477469542377599
2020-8-25,2429129807113296,76561198005985428,2985005531524930,76561198373858287,2706482852701803,76561198825880947,76561198421554786,76561198355532572,76561198111059178,1477469542377599
2020-8-26,2429129807113296,76561198005985428,2985005531524930,76561198373858287,2706482852701803,76561198825880947,76561198421554786,76561198355532572,76561198111059178,1477469542377599
2020-8-27,2429129807113296,76561198005985428,2985005531524930,76561198373858287,2706482852701803,76561198825880947,76561198421554786,76561198355532572,76561198111059178,1477469542377599
2020-8-28,2429129807113296,76561198005985428,2985005531524930,76561198373858287,2706482852701803,76561198825880947,76561198421554786,76561198355532572,76561198111059178,1477469542377599
2020-8-29,2429129807113296,76561198005985428,2985005531524930,76561198373858287,2706482852701803,76561198825880947,76561198421554786,76561198355532572,76561198111059178,1477469542377599
2020-8-30,2429129807113296,76561198005985428,2985005531524930,76561198373858287,2706482852701803,76561198825880947,76561198421554786,76561198355532572,76561198111059178,1477469542377599
2020-8-31,2429129807113296,76561198005985428,2985005531524930,76561198373858287,2706482852701803,76561198825880947,76561198421554786,76561198355532572,76561198111059178,1477469542377599
2020-9-1,2429129807113296,76561198005985428,2985005531524930,76561198373858287,2706482852701803,76561198421554786,76561198825880947,1477469542377599,76561198355532572,76561198111059178
2020-9-2,2429129807113296,76561198005985428,2985005531524930,76561198373858287,2706482852701803,76561198421554786,76561198825880947,1477469542377599,76561198355532572,76561198111059178
2020-9-3,2429129807113296,76561198005985428,2985005531524930,76561198373858287,2706482852701803,76561198421554786,76561198825880947,1477469542377599,76561198355532572,76561198111059178
2020-9-4,2429129807113296,76561198005985428,2985005531524930,76561198373858287,2706482852701803,76561198421554786,76561198825880947,1477469542377599,76561198355532572,76561198111059178
2020-9-5,2429129807113296,76561198005985428,2985005531524930,76561198373858287,2706482852701803,76561198421554786,76561198825880947,1477469542377599,76561198355532572,76561198111059178
2020-9-6,2429129807113296,76561198005985428,2985005531524930,76561198373858287,2706482852701803,76561198421554786,76561198825880947,1477469542377599,76561198355532572,76561198111059178
2020-9-7,2429129807113296,76561198005985428,2985005531524930,76561198373858287,2706482852701803,76561198421554786,76561198825880947,1477469542377599,76561198355532572,76561198111059178
2020-9-8,2429129807113296,76561198005985428,2985005531524930,76561198373858287,2706482852701803,76561198421554786,76561198825880947,1477469542377599,76561198355532572,76561198111059178
2020-9-9,2429129807113296,76561198005985428,2985005531524930,76561198373858287,2706482852701803,76561198421554786,76561198825880947,1477469542377599,76561198355532572,76561198111059178
2020-9-10,2429129807113296,76561198005985428,2985005531524930,76561198373858287,2706482852701803,76561198421554786,76561198825880947,1477469542377599,76561198355532572,76561198111059178
2020-9-11,2429129807113296,76561198005985428,2985005531524930,76561198373858287,2706482852701803,76561198421554786,76561198825880947,1477469542377599,76561198355532572,76561198111059178
2020-9-12,2429129807113296,76561198005985428,2985005531524930,76561198373858287,2706482852701803,76561198421554786,76561198825880947,1477469542377599,76561198355532572,76561198111059178
2020-9-13,2429129807113296,76561198005985428,2985005531524930,76561198373858287,2706482852701803,76561198421554786,76561198825880947,1477469542377599,76561198355532572,76561198111059178
2020-9-14,2429129807113296,76561198005985428,2985005531524930,76561198373858287,2706482852701803,76561198421554786,76561198825880947,1477469542377599,76561198355532572,76561198111059178
2020-9-15,2429129807113296,76561198005985428,2985005531524930,76561198373858287,2706482852701803,76561198421554786,76561198825880947,1477469542377599,76561198355532572,76561198111059178
2020-9-16,2429129807113296,76561198005985428,2985005531524930,76561198373858287,76561198421554786,2706482852701803,76561198825880947,1477469542377599,76561198355532572,76561198111059178
2020-9-17,2429129807113296,76561198005985428,2985005531524930,76561198373858287,76561198421554786,2706482852701803,76561198825880947,1477469542377599,76561198355532572,76561198813018878
2020-9-18,2429129807113296,76561198005985428,2985005531524930,76561198373858287,76561198421554786,2706482852701803,76561198825880947,1477469542377599,76561198355532572,76561198813018878
2020-9-19,2429129807113296,76561198005985428,2985005531524930,76561198373858287,76561198421554786,2706482852701803,1477469542377599,76561198825880947,76561198355532572,76561198813018878
2020-9-20,2429129807113296,76561198005985428,2985005531524930,76561198373858287,76561198421554786,2706482852701803,1477469542377599,76561198825880947,76561198355532572,76561198813018878
2020-9-21,2429129807113296,76561198005985428,2985005531524930,76561198373858287,76561198421554786,2706482852701803,1477469542377599,76561198825880947,76561198355532572,76561198813018878
2020-9-22,2429129807113296,76561198005985428,2985005531524930,76561198373858287,76561198421554786,2706482852701803,1477469542377599,76561198825880947,76561198355532572,76561198813018878
2020-9-23,2429129807113296,76561198005985428,2985005531524930,76561198373858287,76561198421554786,2706482852701803,1477469542377599,76561198825880947,76561198355532572,76561198813018878
2020-9-24,2429129807113296,76561198005985428,2985005531524930,76561198373858287,76561198421554786,2706482852701803,1477469542377599,76561198825880947,76561198355532572,76561198813018878
2020-9-25,2429129807113296,76561198005985428,2985005531524930,76561198373858287,76561198421554786,2706482852701803,1477469542377599,76561198825880947,76561198355532572,76561198813018878
2020-9-26,2429129807113296,76561198005985428,2985005531524930,76561198373858287,76561198421554786,2706482852701803,1477469542377599,76561198825880947,76561198355532572,76561198813018878
2020-9-27,2429129807113296,76561198005985428,2985005531524930,76561198373858287,76561198421554786,2706482852701803,1477469542377599,76561198825880947,76561198355532572,76561198813018878
2020-9-28,2429129807113296,76561198005985428,2985005531524930,76561198373858287,76561198421554786,2706482852701803,1477469542377599,76561198825880947,76561198355532572,76561198813018878
2020-9-29,2429129807113296,76561198005985428,2985005531524930,76561198373858287,76561198421554786,2706482852701803,1477469542377599,76561198825880947,76561198355532572,76561198813018878
2020-9-30,2429129807113296,76561198005985428,2985005531524930,76561198373858287,76561198421554786,2706482852701803,1477469542377599,76561198825880947,76561198355532572,76561198813018878
2020-10-1,2429129807113296,76561198005985428,2985005531524930,76561198373858287,76561198421554786,2706482852701803,1477469542377599,76561198825880947,76561198355532572,76561198813018878
2020-10-2,2429129807113296,76561198005985428,2985005531524930,76561198373858287,76561198421554786,2706482852701803,1477469542377599,76561198825880947,76561198355532572,76561198813018878
2020-10-3,2429129807113296,76561198005985428,2985005531524930,76561198373858287,76561198421554786,2706482852701803,1477469542377599,76561198825880947,76561198355532572,76561198813018878
2020-10-4,2429129807113296,76561198005985428,2985005531524930,76561198373858287,76561198421554786,2706482852701803,1477469542377599,76561198825880947,76561198355532572,76561198813018878
2020-10-5,2429129807113296,76561198005985428,2985005531524930,76561198373858287,76561198421554786,2706482852701803,1477469542377599,76561198825880947,76561198355532572,76561198813018878
2020-10-6,2429129807113296,76561198005985428,2985005531524930,76561198373858287,76561198421554786,2706482852701803,1477469542377599,76561198825880947,76561198355532572,76561198813018878
2020-10-7,2429129807113296,76561198005985428,2985005531524930,76561198373858287,76561198421554786,2706482852701803,1477469542377599,76561198825880947,76561198355532572,76561198813018878
2020-10-8,2429129807113296,76561198005985428,2985005531524930,76561198421554786,76561198373858287,2706482852701803,1477469542377599,76561198825880947,76561198355532572,76561198813018878
2020-10-9,2429129807113296,76561198005985428,2985005531524930,76561198421554786,76561198373858287,2706482852701803,1477469542377599,76561198825880947,76561198355532572,76561198813018878
2020-10-10,2429129807113296,76561198005985428,2985005531524930,76561198421554786,76561198373858287,2706482852701803,1477469542377599,76561198355532572,76561198825880947,76561198813018878
2020-10-11,2429129807113296,76561198005985428,2985005531524930,76561198421554786,76561198373858287,2706482852701803,1477469542377599,76561198355532572,76561198825880947,76561198813018878
2020-10-12,2429129807113296,76561198005985428,2985005531524930,76561198421554786,76561198373858287,2706482852701803,1477469542377599,76561198355532572,76561198825880947,76561198813018878
2020-10-13,2429129807113296,76561198005985428,2985005531524930,76561198421554786,76561198373858287,2706482852701803,1477469542377599,76561198355532572,76561198825880947,76561198813018878
2020-10-14,2429129807113296,76561198005985428,2985005531524930,76561198421554786,76561198373858287,2706482852701803,1477469542377599,76561198355532572,76561198825880947,76561198813018878
2020-10-15,2429129807113296,76561198005985428,2985005531524930,76561198421554786,76561198373858287,2706482852701803,1477469542377599,76561198355532572,76561198825880947,76561198813018878
2020-10-16,2429129807113296,76561198005985428,2985005531524930,76561198421554786,76561198373858287,2706482852701803,1477469542377599,76561198355532572,76561198825880947,76561198813018878
2020-10-17,2429129807113296,76561198005985428,2985005531524930,76561198421554786,76561198373858287,2706482852701803,1477469542377599,76561198355532572,76561198825880947,76561198813018878
2020-10-18,2429129807113296,76561198005985428,2985005531524930,76561198421554786,76561198373858287,2706482852701803,1477469542377599,76561198355532572,76561198825880947,76561198813018878
2020-10-19,2429129807113296,76561198005985428,2985005531524930,76561198421554786,76561198373858287,2706482852701803,1477469542377599,76561198355532572,76561198825880947,76561198813018878
2020-10-20,2429129807113296,76561198005985428,2985005531524930,76561198421554786,76561198373858287,2706482852701803,1477469542377599,76561198355532572,76561198813018878,76561198825880947
2020-10-21,2429129807113296,76561198005985428,2985005531524930,76561198421554786,76561198373858287,2706482852701803,1477469542377599,76561198355532572,76561198813018878,76561198825880947
2020-10-22,2429129807113296,76561198005985428,2985005531524930,76561198421554786,76561198373858287,2706482852701803,1477469542377599,76561198355532572,76561198813018878,76561198825880947
2020-10-23,2429129807113296,76561198005985428,2985005531524930,76561198421554786,76561198373858287,2706482852701803,1477469542377599,76561198355532572,76561198813018878,76561198825880947
2020-10-24,2429129807113296,76561198005985428,2985005531524930,76561198421554786,76561198373858287,2706482852701803,1477469542377599,76561198355532572,76561198813018878,76561198825880947
2020-10-25,2429129807113296,76561198005985428,2985005531524930,76561198421554786,76561198373858287,2706482852701803,1477469542377599,76561198355532572,76561198813018878,76561198825880947
2020-10-26,2429129807113296,76561198005985428,2985005531524930,76561198421554786,76561198373858287,2706482852701803,1477469542377599,76561198355532572,76561198813018878,76561198825880947
2020-10-27,2429129807113296,76561198005985428,2985005531524930,76561198421554786,76561198373858287,2706482852701803,1477469542377599,76561198355532572,76561198813018878,76561198825880947
2020-10-28,2429129807113296,76561198005985428,2985005531524930,76561198421554786,76561198373858287,2706482852701803,1477469542377599,76561198355532572,76561198813018878,76561198825880947
2020-10-29,2429129807113296,76561198005985428,2985005531524930,76561198421554786,76561198373858287,2706482852701803,1477469542377599,76561198355532572,76561198813018878,76561198825880947
2020-10-30,2429129807113296,76561198005985428,2985005531524930,76561198421554786,76561198373858287,2706482852701803,1477469542377599,76561198355532572,76561198813018878,76561198825880947
2020-10-31,2429129807113296,76561198005985428,2985005531524930,76561198421554786,76561198373858287,2706482852701803,1477469542377599,76561198355532572,76561198813018878,76561198825880947
2020-11-1,2429129807113296,76561198005985428,2985005531524930,76561198421554786,76561198373858287,2706482852701803,1477469542377599,76561198355532572,76561198813018878,76561198825880947
2020-11-2,2429129807113296,76561198005985428,2985005531524930,76561198421554786,76561198373858287,2706482852701803,1477469542377599,76561198355532572,76561198813018878,76561198825880947
2020-11-3,2429129807113296,76561198005985428,2985005531524930,76561198421554786,76561198373858287,2706482852701803,1477469542377599,76561198355532572,76561198813018878,76561198825880947
2020-11-4,2429129807113296,76561198005985428,2985005531524930,76561198421554786,76561198373858287,2706482852701803,1477469542377599,76561198355532572,76561198813018878,76561198825880947
2020-11-5,2429129807113296,76561198005985428,2985005531524930,76561198421554786,76561198373858287,2706482852701803,1477469542377599,76561198355532572,76561198813018878,76561198825880947
2020-11-6,2429129807113296,76561198005985428,76561198421554786,2985005531524930,76561198373858287,2706482852701803,1477469542377599,76561198813018878,76561198355532572,76561198825880947
2020-11-7,2429129807113296,76561198005985428,76561198421554786,2985005531524930,76561198373858287,2706482852701803,1477469542377599,76561198813018878,76561198355532572,76561198825880947
2020-11-8,2429129807113296,76561198005985428,76561198421554786,2985005531524930,76561198373858287,2706482852701803,1477469542377599,76561198813018878,76561198355532572,76561198825880947
2020-11-9,2429129807113296,76561198005985428,76561198421554786,2985005531524930,76561198373858287,2706482852701803,1477469542377599,76561198813018878,76561198355532572,76561198825880947
2020-11-10,2429129807113296,76561198005985428,76561198421554786,2985005531524930,76561198373858287,2706482852701803,1477469542377599,76561198813018878,76561198355532572,76561198825880947
2020-11-11,2429129807113296,76561198005985428,76561198421554786,2985005531524930,76561198373858287,2706482852701803,1477469542377599,76561198813018878,76561198355532572,76561198825880947
2020-11-12,2429129807113296,76561198005985428,76561198421554786,2985005531524930,76561198373858287,2706482852701803,1477469542377599,76561198813018878,76561198355532572,76561198825880947
2020-11-13,2429129807113296,76561198005985428,76561198421554786,2985005531524930,76561198373858287,2706482852701803,1477469542377599,76561198813018878,76561198355532572,76561198825880947
2020-11-14,2429129807113296,76561198005985428,76561198421554786,2985005531524930,76561198373858287,2706482852701803,1477469542377599,76561198813018878,76561198355532572,76561198825880947
2020-11-15,2429129807113296,76561198005985428,76561198421554786,2985005531524930,76561198373858287,2706482852701803,1477469542377599,76561198813018878,76561198355532572,76561198825880947
2020-11-16,2429129807113296,76561198005985428,76561198421554786,2985005531524930,76561198373858287,2706482852701803,1477469542377599,76561198813018878,76561198355532572,76561198825880947
2020-11-17,2429129807113296,76561198005985428,76561198421554786,2985005531524930,76561198373858287,2706482852701803,1477469542377599,76561198813018878,76561198355532572,76561198825880947
2020-11-18,2429129807113296,76561198005985428,76561198421554786,2985005531524930,76561198373858287,2706482852701803,1477469542377599,76561198813018878,76561198355532572,76561198825880947
2020-11-19,2429129807113296,76561198005985428,76561198421554786,2985005531524930,76561198373858287,2706482852701803,1477469542377599,76561198813018878,76561198355532572,76561198825880947
2020-11-20,2429129807113296,76561198005985428,76561198421554786,2985005531524930,76561198373858287,2706482852701803,1477469542377599,76561198813018878,76561198355532572,76561198825880947
2020-11-21,2429129807113296,76561198005985428,76561198421554786,2985005531524930,76561198373858287,2706482852701803,76561198813018878,1477469542377599,76561198355532572,76561198825880947
2020-11-22,2429129807113296,76561198005985428,76561198421554786,2985005531524930,76561198373858287,2706482852701803,76561198813018878,1477469542377599,76561198355532572,76561198825880947
2020-11-23,2429129807113296,76561198005985428,76561198421554786,2985005531524930,76561198373858287,2706482852701803,76561198813018878,1477469542377599,76561198355532572,76561198825880947
2020-11-24,2429129807113296,76561198005985428,76561198421554786,2985005531524930,76561198373858287,2706482852701803,76561198813018878,1477469542377599,76561198355532572,76561198825880947
2020-11-25,2429129807113296,76561198005985428,76561198421554786,2985005531524930,76561198373858287,2706482852701803,76561198813018878,1477469542377599,76561198355532572,76561198825880947
2020-11-26,2429129807113296,76561198005985428,76561198421554786,2985005531524930,2706482852701803,76561198373858287,76561198813018878,1477469542377599,76561198355532572,76561198825880947
2020-11-27,2429129807113296,76561198005985428,76561198421554786,2985005531524930,2706482852701803,76561198373858287,76561198813018878,1477469542377599,76561198355532572,76561198825880947
2020-11-28,2429129807113296,76561198005985428,76561198421554786,2985005531524930,2706482852701803,76561198373858287,76561198813018878,1477469542377599,76561198355532572,76561198825880947
2020-11-29,2429129807113296,76561198005985428,76561198421554786,2985005531524930,2706482852701803,76561198373858287,76561198813018878,1477469542377599,76561198355532572,76561198825880947
2020-11-30,2429129807113296,76561198005985428,76561198421554786,2985005531524930,2706482852701803,76561198373858287,76561198813018878,1477469542377599,76561198355532572,76561198825880947
2020-12-1,2429129807113296,76561198005985428,76561198421554786,2985005531524930,2706482852701803,76561198373858287,76561198813018878,1477469542377599,76561198355532572,76561198825880947
2020-12-2,2429129807113296,76561198005985428,76561198421554786,2985005531524930,2706482852701803,76561198373858287,76561198813018878,1477469542377599,76561198355532572,76561198825880947
2020-12-3,2429129807113296,76561198005985428,76561198421554786,2985005531524930,2706482852701803,76561198373858287,76561198813018878,1477469542377599,76561198355532572,76561198825880947
2020-12-4,2429129807113296,76561198005985428,76561198421554786,2985005531524930,2706482852701803,76561198373858287,76561198813018878,1477469542377599,76561198355532572,76561198825880947
2020-12-5,2429129807113296,76561198005985428,76561198421554786,2985005531524930,2706482852701803,76561198373858287,1477469542377599,76561198813018878,76561198355532572,76561198825880947
2020-12-6,2429129807113296,76561198005985428,76561198421554786,2985005531524930,2706482852701803,76561198373858287,1477469542377599,76561198813018878,76561198355532572,76561198825880947
2020-12-7,2429129807113296,76561198005985428,76561198421554786,2985005531524930,2706482852701803,1477469542377599,76561198373858287,76561198813018878,76561198355532572,76561198825880947
2020-12-8,2429129807113296,76561198005985428,76561198421554786,2706482852701803,2985005531524930,1477469542377599,76561198373858287,76561198813018878,76561198355532572,76561198825880947
2020-12-9,2429129807113296,76561198005985428,76561198421554786,2706482852701803,2985005531524930,1477469542377599,76561198373858287,76561198813018878,76561198355532572,76561198825880947
2020-12-10,2429129807113296,76561198005985428,76561198421554786,2706482852701803,2985005531524930,1477469542377599,76561198373858287,76561198813018878,76561198355532572,76561198825880947
2020-12-11,2429129807113296,76561198005985428,76561198421554786,2706482852701803,2985005531524930,1477469542377599,76561198373858287,76561198813018878,76561198355532572,76561198825880947
2020-12-12,2429129807113296,76561198005985428,76561198421554786,2706482852701803,2985005531524930,1477469542377599,76561198373858287,76561198813018878,76561198355532572,76561198825880947
2020-12-13,2429129807113296,76561198005985428,76561198421554786,2706482852701803,2985005531524930,1477469542377599,76561198373858287,76561198813018878,76561198355532572,76561198825880947
2020-12-14,2429129807113296,76561198005985428,76561198421554786,2706482852701803,1477469542377599,76561198373858287,2985005531524930,76561198813018878,76561198355532572,76561198825880947
2020-12-15,2429129807113296,76561198005985428,76561198421554786,2706482852701803,1477469542377599,76561198373858287,2985005531524930,76561198813018878,76561198355532572,76561198825880947
2020-12-16,2429129807113296,76561198005985428,76561198421554786,2706482852701803,1477469542377599,76561198373858287,2985005531524930,76561198813018878,76561198355532572,76561198825880947
2020-12-17,2429129807113296,76561198005985428,76561198421554786,2706482852701803,1477469542377599,76561198373858287,2985005531524930,76561198813018878,76561198355532572,76561198825880947
2020-12-18,2429129807113296,76561198005985428,76561198421554786,2706482852701803,1477469542377599,76561198373858287,2985005531524930,76561198813018878,76561198355532572,76561198825880947
2020-12-19,2429129807113296,76561198005985428,76561198421554786,2706482852701803,1477469542377599,76561198373858287,2985005531524930,76561198813018878,76561198355532572,76561198825880947
2020-12-20,2429129807113296,76561198005985428,76561198421554786,2706482852701803,1477469542377599,76561198373858287,2985005531524930,76561198813018878,76561198355532572,76561198825880947
2020-12-21,2429129807113296,76561198005985428,76561198421554786,2706482852701803,1477469542377599,76561198373858287,2985005531524930,76561198813018878,76561198355532572,76561198825880947
2020-12-22,2429129807113296,76561198005985428,76561198421554786,2706482852701803,1477469542377599,76561198373858287,2985005531524930,76561198813018878,76561198355532572,76561198825880947
2020-12-23,2429129807113296,76561198005985428,76561198421554786,2706482852701803,1477469542377599,76561198373858287,2985005531524930,76561198813018878,76561198355532572,76561198825880947
2020-12-24,2429129807113296,76561198005985428,76561198421554786,2706482852701803,1477469542377599,76561198373858287,2985005531524930,76561198813018878,76561198355532572,76561198825880947
2020-12-25,2429129807113296,76561198005985428,76561198421554786,2706482852701803,1477469542377599,76561198373858287,2985005531524930,76561198813018878,76561198355532572,76561198825880947
2020-12-26,2429129807113296,76561198005985428,76561198421554786,2706482852701803,1477469542377599,76561198373858287,2985005531524930,76561198813018878,76561198355532572,76561198825880947
2020-12-27,2429129807113296,76561198005985428,76561198421554786,2706482852701803,1477469542377599,76561198373858287,2985005531524930,76561198813018878,76561198355532572,76561198825880947
2020-12-28,2429129807113296,76561198005985428,76561198421554786,2706482852701803,1477469542377599,76561198373858287,2985005531524930,76561198813018878,76561198355532572,76561198825880947
2020-12-29,2429129807113296,76561198005985428,76561198421554786,2706482852701803,1477469542377599,76561198373858287,2985005531524930,76561198813018878,76561198355532572,76561198825880947
2020-12-30,2429129807113296,76561198005985428,76561198421554786,2706482852701803,1477469542377599,76561198373858287,2985005531524930,76561198813018878,76561198355532572,76561198825880947
2020-12-31,2429129807113296,76561198005985428,76561198421554786,2706482852701803,1477469542377599,76561198373858287,2985005531524930,76561198813018878,76561198355532572,76561198825880947
2021-1-1,2429129807113296,76561198005985428,76561198421554786,2706482852701803,1477469542377599,76561198373858287,2985005531524930,76561198813018878,76561198355532572,76561198825880947
2021-1-2,2429129807113296,76561198005985428,76561198421554786,2706482852701803,1477469542377599,76561198373858287,2985005531524930,76561198813018878,76561198355532572,76561198825880947
2021-1-3,2429129807113296,76561198005985428,2706482852701803,76561198421554786,1477469542377599,76561198373858287,2985005531524930,76561198813018878,76561198355532572,76561198825880947
2021-1-4,2429129807113296,76561198005985428,2706482852701803,76561198421554786,1477469542377599,76561198373858287,2985005531524930,76561198813018878,76561198355532572,76561198825880947
2021-1-5,2429129807113296,76561198005985428,2706482852701803,76561198421554786,1477469542377599,76561198373858287,2985005531524930,76561198813018878,76561198355532572,76561198825880947
2021-1-6,2429129807113296,76561198005985428,2706482852701803,76561198421554786,1477469542377599,76561198373858287,2985005531524930,76561198813018878,76561198355532572,76561198825880947
2021-1-7,2429129807113296,76561198005985428,2706482852701803,76561198421554786,1477469542377599,76561198373858287,2985005531524930,76561198813018878,76561198355532572,76561198825880947
2021-1-8,2429129807113296,76561198005985428,2706482852701803,76561198421554786,1477469542377599,76561198373858287,2985005531524930,76561198813018878,76561198355532572,76561198825880947
2021-1-9,2429129807113296,76561198005985428,2706482852701803,76561198421554786,1477469542377599,76561198373858287,2985005531524930,76561198813018878,76561198355532572,76561198825880947
2021-1-10,2429129807113296,76561198005985428,2706482852701803,76561198421554786,1477469542377599,76561198373858287,2985005531524930,76561198813018878,76561198355532572,76561198825880947
2021-1-11,2429129807113296,76561198005985428,2706482852701803,76561198421554786,1477469542377599,76561198373858287,2985005531524930,76561198813018878,76561198355532572,76561198825880947
2021-1-12,2429129807113296,76561198005985428,2706482852701803,76561198421554786,1477469542377599,76561198373858287,2985005531524930,76561198813018878,76561198355532572,76561198825880947
2021-1-13,2429129807113296,76561198005985428,2706482852701803,76561198421554786,1477469542377599,76561198373858287,2985005531524930,76561198813018878,76561198355532572,76561198825880947
2021-1-14,2429129807113296,76561198005985428,2706482852701803,76561198421554786,1477469542377599,76561198373858287,2985005531524930,76561198813018878,76561198355532572,76561198825880947
2021-1-15,2429129807113296,76561198005985428,2706482852701803,76561198421554786,1477469542377599,76561198373858287,2985005531524930,76561198813018878,76561198355532572,76561198825880947
2021-1-16,2429129807113296,76561198005985428,2706482852701803,76561198421554786,76561198373858287,1477469542377599,2985005531524930,76561198813018878,76561198355532572,76561198825880947
2021-1-17,2429129807113296,76561198005985428,2706482852701803,76561198421554786,76561198373858287,1477469542377599,2985005531524930,76561198813018878,76561198355532572,76561198825880947
2021-1-18,2429129807113296,76561198005985428,2706482852701803,76561198421554786,76561198373858287,1477469542377599,2985005531524930,76561198813018878,76561198355532572,76561198825880947
2021-1-19,2429129807113296,76561198005985428,2706482852701803,76561198421554786,76561198373858287,1477469542377599,2985005531524930,76561198813018878,76561198355532572,76561198825880947
2021-1-20,2429129807113296,76561198005985428,2706482852701803,76561198421554786,76561198373858287,1477469542377599,2985005531524930,76561198813018878,76561198355532572,76561198825880947
2021-1-21,2429129807113296,76561198005985428,2706482852701803,76561198421554786,76561198373858287,1477469542377599,2985005531524930,76561198813018878,76561198355532572,76561198825880947
2021-1-22,2429129807113296,76561198005985428,2706482852701803,76561198421554786,76561198373858287,1477469542377599,2985005531524930,76561198813018878,76561198355532572,76561198825880947
2021-1-23,2429129807113296,76561198005985428,2706482852701803,76561198421554786,1477469542377599,76561198373858287,2985005531524930,76561198813018878,76561198355532572,76561198825880947
2021-1-24,2429129807113296,76561198005985428,2706482852701803,76561198421554786,1477469542377599,76561198373858287,2985005531524930,76561198813018878,76561198355532572,76561198825880947
2021-1-25,2429129807113296,76561198005985428,2706482852701803,76561198421554786,1477469542377599,76561198373858287,2985005531524930,76561198813018878,76561198355532572,76561198825880947
2021-1-26,2429129807113296,76561198005985428,2706482852701803,76561198421554786,1477469542377599,76561198373858287,2985005531524930,76561198813018878,76561198355532572,76561198023179088
2021-1-27,2429129807113296,76561198005985428,2706482852701803,76561198421554786,1477469542377599,76561198373858287,2985005531524930,76561198813018878,76561198355532572,76561198023179088
2021-1-28,2429129807113296,76561198005985428,2706482852701803,76561198421554786,1477469542377599,76561198373858287,2985005531524930,76561198813018878,76561198355532572,76561198023179088
2021-1-29,2429129807113296,76561198005985428,2706482852701803,76561198421554786,1477469542377599,76561198373858287,2985005531524930,76561198813018878,76561198355532572,76561198023179088
2021-1-30,2429129807113296,76561198005985428,2706482852701803,76561198421554786,1477469542377599,76561198373858287,2985005531524930,76561198813018878,76561198355532572,76561198023179088
2021-1-31,2429129807113296,76561198005985428,2706482852701803,76561198421554786,1477469542377599,76561198373858287,2985005531524930,76561198813018878,76561198355532572,76561198023179088
2021-2-1,2429129807113296,76561198005985428,2706482852701803,76561198421554786,1477469542377599,76561198373858287,2985005531524930,76561198813018878,76561198355532572,76561198023179088
2021-2-2,2429129807113296,76561198005985428,2706482852701803,76561198421554786,1477469542377599,76561198373858287,2985005531524930,76561198813018878,76561198355532572,76561198023179088
2021-2-3,2429129807113296,76561198005985428,2706482852701803,76561198421554786,1477469542377599,76561198373858287,2985005531524930,76561198813018878,76561198355532572,76561198023179088
2021-2-4,2429129807113296,76561198005985428,2706482852701803,76561198421554786,1477469542377599,76561198373858287,2985005531524930,76561198813018878,76561198355532572,76561198023179088
2021-2-5,2429129807113296,76561198005985428,2706482852701803,76561198421554786,1477469542377599,76561198373858287,2985005531524930,76561198813018878,76561198355532572,76561198023179088
2021-2-6,2429129807113296,76561198005985428,2706482852701803,76561198421554786,1477469542377599,76561198373858287,2985005531524930,76561198813018878,76561198355532572,76561198023179088
2021-2-7,2429129807113296,76561198005985428,2706482852701803,76561198421554786,1477469542377599,76561198373858287,2985005531524930,76561198813018878,76561198355532572,76561198023179088
2021-2-8,2429129807113296,76561198005985428,2706482852701803,76561198421554786,1477469542377599,76561198373858287,2985005531524930,76561198813018878,76561198355532572,76561198023179088
2021-2-9,2429129807113296,76561198005985428,2706482852701803,76561198421554786,1477469542377599,76561198373858287,2985005531524930,76561198813018878,76561198355532572,76561198023179088
2021-2-10,2429129807113296,76561198005985428,2706482852701803,76561198421554786,1477469542377599,76561198373858287,2985005531524930,76561198813018878,76561198355532572,76561198023179088
2021-2-11,2429129807113296,76561198005985428,2706482852701803,76561198421554786,1477469542377599,76561198373858287,2985005531524930,76561198813018878,76561198355532572,76561198023179088
2021-2-12,2429129807113296,76561198005985428,2706482852701803,1477469542377599,76561198421554786,76561198373858287,2985005531524930,76561198813018878,76561198355532572,76561198023179088
2021-2-13,2429129807113296,76561198005985428,2706482852701803,1477469542377599,76561198421554786,76561198373858287,2985005531524930,76561198813018878,76561198355532572,76561198023179088
2021-2-14,2429129807113296,76561198005985428,2706482852701803,1477469542377599,76561198421554786,76561198373858287,2985005531524930,76561198813018878,76561198355532572,76561198023179088
2021-2-15,2429129807113296,76561198005985428,2706482852701803,1477469542377599,76561198421554786,76561198373858287,2985005531524930,76561198813018878,76561198355532572,76561198023179088
2021-2-16,2429129807113296,76561198005985428,2706482852701803,1477469542377599,76561198421554786,76561198373858287,2985005531524930,76561198813018878,76561198355532572,76561198023179088
2021-2-17,2429129807113296,76561198005985428,2706482852701803,1477469542377599,76561198421554786,76561198373858287,2985005531524930,76561198813018878,76561198355532572,76561198023179088
2021-2-18,2429129807113296,76561198005985428,2706482852701803,1477469542377599,76561198421554786,76561198373858287,2985005531524930,76561198813018878,76561198355532572,76561198023179088
2021-2-19,2429129807113296,76561198005985428,2706482852701803,1477469542377599,76561198421554786,76561198373858287,2985005531524930,76561198813018878,76561198355532572,76561198023179088
2021-2-20,2429129807113296,76561198005985428,2706482852701803,1477469542377599,76561198421554786,76561198373858287,2985005531524930,76561198813018878,76561198355532572,76561198023179088
2021-2-21,2429129807113296,76561198005985428,2706482852701803,1477469542377599,76561198421554786,76561198373858287,2985005531524930,76561198813018878,76561198355532572,76561198023179088
2021-2-22,2429129807113296,76561198005985428,1477469542377599,2706482852701803,76561198373858287,76561198421554786,2985005531524930,76561198355532572,76561198813018878,76561198023179088
2021-2-23,2429129807113296,76561198005985428,1477469542377599,2706482852701803,76561198373858287,76561198421554786,2985005531524930,76561198355532572,76561198813018878,76561198023179088
2021-2-24,2429129807113296,76561198005985428,1477469542377599,2706482852701803,76561198373858287,76561198421554786,2985005531524930,76561198355532572,76561198813018878,76561198023179088
2021-2-25,2429129807113296,76561198005985428,1477469542377599,2706482852701803,76561198373858287,76561198421554786,2985005531524930,76561198355532572,76561198813018878,76561198023179088
2021-2-26,2429129807113296,76561198005985428,1477469542377599,2706482852701803,76561198373858287,76561198421554786,2985005531524930,76561198355532572,76561198813018878,76561198023179088
2021-2-27,2429129807113296,76561198005985428,1477469542377599,2706482852701803,76561198373858287,76561198421554786,2985005531524930,76561198355532572,76561198813018878,76561198023179088
2021-2-28,2429129807113296,76561198005985428,1477469542377599,2706482852701803,76561198373858287,76561198421554786,2985005531524930,76561198355532572,76561198813018878,76561198023179088
2021-3-1,2429129807113296,76561198005985428,1477469542377599,2706482852701803,76561198373858287,76561198421554786,2985005531524930,76561198355532572,76561198813018878,76561198023179088
2021-3-2,2429129807113296,76561198005985428,1477469542377599,2706482852701803,76561198373858287,76561198421554786,2985005531524930,76561198355532572,76561198813018878,76561198023179088
2021-3-3,2429129807113296,76561198005985428,1477469542377599,2706482852701803,76561198373858287,76561198421554786,2985005531524930,76561198355532572,76561198813018878,76561198023179088
2021-3-4,2429129807113296,76561198005985428,1477469542377599,2706482852701803,76561198373858287,76561198421554786,2985005531524930,76561198355532572,76561198813018878,76561198023179088
2021-3-5,2429129807113296,76561198005985428,1477469542377599,2706482852701803,76561198373858287,76561198421554786,2985005531524930,76561198355532572,76561198813018878,76561198023179088
2021-3-6,2429129807113296,76561198005985428,1477469542377599,2706482852701803,76561198373858287,76561198421554786,2985005531524930,76561198355532572,76561198813018878,76561198023179088
2021-3-7,2429129807113296,76561198005985428,1477469542377599,2706482852701803,76561198373858287,76561198421554786,2985005531524930,76561198355532572,76561198813018878,76561198023179088
2021-3-8,2429129807113296,76561198005985428,1477469542377599,2706482852701803,76561198373858287,76561198421554786,2985005531524930,76561198355532572,76561198813018878,76561198023179088
2021-3-9,2429129807113296,76561198005985428,1477469542377599,2706482852701803,76561198373858287,76561198421554786,2985005531524930,76561198355532572,76561198813018878,76561198023179088
2021-3-10,2429129807113296,76561198005985428,1477469542377599,2706482852701803,76561198373858287,76561198421554786,2985005531524930,76561198355532572,76561198813018878,76561198023179088
2021-3-11,2429129807113296,76561198005985428,1477469542377599,2706482852701803,76561198373858287,76561198421554786,2985005531524930,76561198355532572,76561198813018878,76561198023179088
2021-3-12,2429129807113296,76561198005985428,1477469542377599,2706482852701803,76561198373858287,76561198421554786,2985005531524930,76561198355532572,76561198813018878,76561198023179088
2021-3-13,2429129807113296,76561198005985428,1477469542377599,2706482852701803,76561198373858287,76561198421554786,2985005531524930,76561198355532572,76561198813018878,76561198023179088
2021-3-14,2429129807113296,76561198005985428,1477469542377599,2706482852701803,76561198373858287,76561198421554786,2985005531524930,76561198355532572,76561198813018878,76561198023179088
2021-3-15,2429129807113296,76561198005985428,1477469542377599,2706482852701803,76561198373858287,76561198421554786,2985005531524930,76561198355532572,76561198023179088,76561198813018878
2021-3-16,2429129807113296,76561198005985428,1477469542377599,2706482852701803,76561198373858287,76561198421554786,2985005531524930,76561198355532572,76561198023179088,76561198813018878
2021-3-17,2429129807113296,76561198005985428,1477469542377599,2706482852701803,76561198373858287,76561198421554786,2985005531524930,76561198355532572,76561198023179088,76561198813018878
2021-3-18,2429129807113296,76561198005985428,1477469542377599,2706482852701803,76561198373858287,76561198421554786,2985005531524930,76561198355532572,76561198023179088,76561198813018878
2021-3-19,2429129807113296,76561198005985428,1477469542377599,2706482852701803,76561198373858287,76561198421554786,2985005531524930,76561198355532572,76561198023179088,76561198813018878
2021-3-20,2429129807113296,76561198005985428,1477469542377599,2706482852701803,76561198373858287,76561198421554786,2985005531524930,76561198355532572,76561198023179088,76561198813018878
2021-3-21,2429129807113296,76561198005985428,1477469542377599,2706482852701803,76561198373858287,76561198421554786,2985005531524930,76561198355532572,76561198023179088,76561198813018878
2021-3-22,2429129807113296,76561198005985428,1477469542377599,2706482852701803,76561198373858287,76561198421554786,2985005531524930,76561198355532572,76561198023179088,76561198813018878
2021-3-23,2429129807113296,76561198005985428,1477469542377599,2706482852701803,76561198373858287,76561198421554786,76561198355532572,2985005531524930,76561198023179088,76561198813018878
2021-3-24,2429129807113296,76561198005985428,1477469542377599,2706482852701803,76561198373858287,76561198421554786,76561198355532572,2985005531524930,76561198023179088,76561198813018878
2021-3-25,2429129807113296,76561198005985428,1477469542377599,2706482852701803,76561198373858287,76561198421554786,76561198355532572,2985005531524930,76561198023179088,76561198813018878
2021-3-26,2429129807113296,76561198005985428,1477469542377599,2706482852701803,76561198373858287,76561198421554786,76561198355532572,2985005531524930,76561198023179088,76561198813018878
2021-3-27,2429129807113296,76561198005985428,1477469542377599,2706482852701803,76561198373858287,76561198421554786,76561198355532572,2985005531524930,76561198023179088,76561198813018878
2021-3-28,2429129807113296,76561198005985428,1477469542377599,2706482852701803,76561198373858287,76561198421554786,76561198355532572,2985005531524930,76561198023179088,76561198813018878
2021-3-29,2429129807113296,76561198005985428,1477469542377599,2706482852701803,76561198373858287,76561198421554786,76561198355532572,2985005531524930,76561198023179088,76561198813018878
2021-3-30,2429129807113296,76561198005985428,1477469542377599,2706482852701803,76561198373858287,76561198421554786,76561198355532572,2985005531524930,76561198023179088,76561198813018878
2021-3-31,2429129807113296,76561198005985428,1477469542377599,2706482852701803,76561198373858287,76561198421554786,76561198355532572,2985005531524930,76561198023179088,76561198813018878
2021-4-1,2429129807113296,76561198005985428,1477469542377599,2706482852701803,76561198373858287,76561198421554786,76561198355532572,2985005531524930,76561198023179088,76561198813018878
2021-4-2,2429129807113296,76561198005985428,1477469542377599,2706482852701803,76561198373858287,76561198421554786,76561198355532572,2985005531524930,76561198023179088,76561198813018878
2021-4-3,2429129807113296,76561198005985428,1477469542377599,2706482852701803,76561198373858287,76561198421554786,76561198355532572,2985005531524930,76561198023179088,76561198813018878
2021-4-4,2429129807113296,76561198005985428,1477469542377599,2706482852701803,76561198373858287,76561198421554786,76561198355532572,2985005531524930,76561198023179088,76561198813018878
2021-4-5,2429129807113296,76561198005985428,1477469542377599,2706482852701803,76561198373858287,76561198421554786,76561198355532572,2985005531524930,76561198023179088,76561198813018878
2021-4-6,2429129807113296,76561198005985428,1477469542377599,2706482852701803,76561198373858287,76561198421554786,76561198355532572,2985005531524930,76561198023179088,76561198813018878
2021-4-7,2429129807113296,76561198005985428,1477469542377599,76561198373858287,2706482852701803,76561198421554786,76561198355532572,2985005531524930,76561198023179088,76561198813018878
2021-4-8,2429129807113296,76561198005985428,1477469542377599,76561198373858287,2706482852701803,76561198421554786,76561198355532572,76561198023179088,2985005531524930,76561198813018878
2021-4-9,2429129807113296,76561198005985428,1477469542377599,76561198373858287,2706482852701803,76561198421554786,76561198355532572,76561198023179088,2985005531524930,76561198813018878
2021-4-10,2429129807113296,76561198005985428,1477469542377599,76561198373858287,2706482852701803,76561198421554786,76561198355532572,76561198023179088,2985005531524930,76561198813018878
2021-4-11,2429129807113296,76561198005985428,1477469542377599,76561198373858287,2706482852701803,76561198421554786,76561198355532572,76561198023179088,2985005531524930,76561198813018878
2021-4-12,2429129807113296,76561198005985428,1477469542377599,76561198373858287,2706482852701803,76561198421554786,76561198355532572,76561198023179088,2985005531524930,76561198813018878
2021-4-13,2429129807113296,76561198005985428,1477469542377599,76561198373858287,2706482852701803,76561198421554786,76561198355532572,76561198023179088,2985005531524930,76561198813018878
2021-4-14,2429129807113296,76561198005985428,1477469542377599,76561198373858287,2706482852701803,76561198421554786,76561198355532572,76561198023179088,2985005531524930,76561198813018878
2021-4-15,2429129807113296,76561198005985428,1477469542377599,76561198373858287,2706482852701803,76561198421554786,76561198355532572,76561198023179088,2985005531524930,76561198813018878
2021-4-16,2429129807113296,76561198005985428,1477469542377599,76561198373858287,2706482852701803,76561198421554786,76561198355532572,76561198023179088,2985005531524930,76561198813018878
2021-4-17,2429129807113296,76561198005985428,1477469542377599,76561198373858287,2706482852701803,76561198421554786,76561198355532572,76561198023179088,2985005531524930,76561198813018878
2021-4-18,2429129807113296,76561198005985428,1477469542377599,76561198373858287,2706482852701803,76561198421554786,76561198355532572,76561198023179088,2985005531524930,76561198813018878
2021-4-19,2429129807113296,76561198005985428,1477469542377599,76561198373858287,2706482852701803,76561198421554786,76561198023179088,76561198355532572,2985005531524930,76561198813018878
2021-4-20,2429129807113296,76561198005985428,1477469542377599,76561198373858287,2706482852701803,76561198421554786,76561198023179088,76561198355532572,2985005531524930,76561198813018878
2021-4-21,2429129807113296,76561198005985428,1477469542377599,76561198373858287,2706482852701803,76561198421554786,76561198023179088,76561198355532572,2985005531524930,76561198813018878
2021-4-22,2429129807113296,76561198005985428,1477469542377599,76561198373858287,2706482852701803,76561198421554786,76561198023179088,76561198355532572,2985005531524930,76561198813018878
2021-4-23,2429129807113296,76561198005985428,1477469542377599,76561198373858287,2706482852701803,76561198421554786,76561198023179088,76561198355532572,2985005531524930,76561198813018878
2021-4-24,2429129807113296,76561198005985428,1477469542377599,76561198373858287,2706482852701803,76561198421554786,76561198023179088,76561198355532572,2985005531524930,76561198813018878
2021-4-25,2429129807113296,76561198005985428,1477469542377599,76561198373858287,2706482852701803,76561198421554786,76561198023179088,76561198355532572,2985005531524930,76561198813018878
2021-4-26,2429129807113296,76561198005985428,1477469542377599,76561198373858287,2706482852701803,76561198421554786,76561198023179088,76561198355532572,2985005531524930,76561198813018878
2021-4-27,2429129807113296,76561198005985428,1477469542377599,76561198373858287,2706482852701803,76561198421554786,76561198023179088,76561198355532572,2985005531524930,76561198813018878
2021-4-28,2429129807113296,76561198005985428,1477469542377599,76561198373858287,2706482852701803,76561198421554786,76561198023179088,76561198355532572,2985005531524930,76561198813018878
2021-4-29,2429129807113296,76561198005985428,1477469542377599,76561198373858287,2706482852701803,76561198421554786,76561198023179088,76561198355532572,2985005531524930,76561198813018878
2021-4-30,2429129807113296,76561198005985428,1477469542377599,76561198373858287,2706482852701803,76561198421554786,76561198023179088,76561198355532572,2985005531524930,76561198813018878
2021-5-1,2429129807113296,76561198005985428,1477469542377599,76561198373858287,2706482852701803,76561198421554786,76561198355532572,76561198023179088,2985005531524930,76561198813018878
2021-5-2,2429129807113296,76561198005985428,1477469542377599,76561198373858287,2706482852701803,76561198421554786,76561198355532572,76561198023179088,2985005531524930,76561198813018878
2021-5-3,2429129807113296,76561198005985428,1477469542377599,76561198373858287,2706482852701803,76561198421554786,76561198355532572,76561198023179088,2985005531524930,76561198813018878
2021-5-4,2429129807113296,76561198005985428,1477469542377599,76561198373858287,2706482852701803,76561198421554786,76561198355532572,76561198023179088,2985005531524930,76561198813018878
2021-5-5,2429129807113296,76561198005985428,1477469542377599,76561198373858287,2706482852701803,76561198421554786,76561198355532572,76561198023179088,2985005531524930,76561198813018878
2021-5-6,2429129807113296,76561198005985428,1477469542377599,76561198373858287,2706482852701803,76561198421554786,76561198355532572,76561198023179088,2985005531524930,76561198813018878
2021-5-7,2429129807113296,76561198005985428,1477469542377599,76561198373858287,2706482852701803,76561198421554786,76561198355532572,76561198023179088,2985005531524930,76561198813018878
2021-5-8,2429129807113296,76561198005985428,1477469542377599,76561198373858287,2706482852701803,76561198421554786,76561198355532572,76561198023179088,2985005531524930,76561198813018878
2021-5-9,2429129807113296,76561198005985428,1477469542377599,76561198373858287,2706482852701803,76561198421554786,76561198355532572,76561198023179088,2985005531524930,76561198813018878
2021-5-10,2429129807113296,76561198005985428,1477469542377599,76561198373858287,2706482852701803,76561198421554786,76561198355532572,76561198023179088,2985005531524930,76561198813018878
2021-5-11,2429129807113296,76561198005985428,1477469542377599,76561198373858287,2706482852701803,76561198421554786,76561198355532572,76561198023179088,2985005531524930,76561198813018878
2021-5-12,2429129807113296,76561198005985428,1477469542377599,76561198373858287,2706482852701803,76561198421554786,76561198355532572,76561198023179088,2985005531524930,76561198813018878
2021-5-13,2429129807113296,76561198005985428,1477469542377599,76561198373858287,2706482852701803,76561198421554786,76561198355532572,76561198023179088,2985005531524930,76561198813018878
2021-5-14,2429129807113296,76561198005985428,76561198373858287,1477469542377599,2706482852701803,76561198421554786,76561198355532572,76561198023179088,2985005531524930,76561198813018878
2021-5-15,2429129807113296,76561198005985428,76561198373858287,1477469542377599,2706482852701803,76561198421554786,76561198355532572,76561198023179088,2985005531524930,76561198813018878
2021-5-16,2429129807113296,76561198005985428,76561198373858287,1477469542377599,2706482852701803,76561198421554786,76561198355532572,76561198023179088,2985005531524930,76561198813018878
2021-5-17,2429129807113296,76561198005985428,76561198373858287,1477469542377599,2706482852701803,76561198355532572,76561198421554786,76561198023179088,2985005531524930,76561198813018878
2021-5-18,2429129807113296,76561198005985428,1477469542377599,76561198373858287,2706482852701803,76561198355532572,76561198421554786,76561198023179088,2985005531524930,76561198813018878
2021-5-19,2429129807113296,76561198005985428,1477469542377599,76561198373858287,2706482852701803,76561198355532572,76561198421554786,76561198023179088,2985005531524930,76561198813018878
2021-5-20,2429129807113296,76561198005985428,1477469542377599,76561198373858287,2706482852701803,76561198355532572,76561198421554786,76561198023179088,2985005531524930,76561198813018878
2021-5-21,2429129807113296,76561198005985428,1477469542377599,76561198373858287,2706482852701803,76561198355532572,76561198421554786,76561198023179088,2985005531524930,76561198813018878
2021-5-22,2429129807113296,76561198005985428,1477469542377599,76561198373858287,2706482852701803,76561198355532572,76561198421554786,76561198023179088,2985005531524930,76561198813018878
2021-5-23,2429129807113296,76561198005985428,1477469542377599,76561198373858287,2706482852701803,76561198355532572,76561198421554786,76561198023179088,2985005531524930,76561198813018878
2021-5-24,2429129807113296,76561198005985428,1477469542377599,76561198373858287,2706482852701803,76561198355532572,76561198421554786,76561198023179088,2985005531524930,76561198813018878
2021-5-25,2429129807113296,76561198005985428,1477469542377599,76561198373858287,2706482852701803,76561198355532572,76561198421554786,76561198023179088,2985005531524930,76561198813018878
2021-5-26,2429129807113296,76561198005985428,1477469542377599,76561198373858287,2706482852701803,76561198355532572,76561198421554786,76561198023179088,2985005531524930,76561198813018878
2021-5-27,2429129807113296,76561198005985428,1477469542377599,76561198373858287,2706482852701803,76561198355532572,76561198421554786,76561198023179088,2985005531524930,76561198813018878
2021-5-28,2429129807113296,76561198005985428,1477469542377599,76561198373858287,2706482852701803,76561198355532572,76561198421554786,76561198023179088,2985005531524930,76561198813018878
2021-5-29,2429129807113296,76561198005985428,1477469542377599,76561198373858287,2706482852701803,76561198355532572,76561198421554786,76561198023179088,2985005531524930,76561198813018878
2021-5-30,2429129807113296,76561198005985428,1477469542377599,76561198373858287,2706482852701803,76561198355532572,76561198421554786,76561198023179088,2985005531524930,76561198813018878
2021-5-31,2429129807113296,76561198005985428,1477469542377599,76561198373858287,2706482852701803,76561198355532572,76561198421554786,76561198023179088,2985005531524930,76561198813018878
2021-6-1,2429129807113296,76561198005985428,1477469542377599,76561198373858287,2706482852701803,76561198355532572,76561198421554786,76561198023179088,2985005531524930,3737447149647733
2021-6-2,2429129807113296,76561198005985428,1477469542377599,76561198373858287,2706482852701803,76561198355532572,76561198421554786,76561198023179088,2985005531524930,3737447149647733
2021-6-3,2429129807113296,76561198005985428,1477469542377599,76561198373858287,2706482852701803,76561198355532572,76561198421554786,76561198023179088,2985005531524930,3737447149647733
2021-6-4,2429129807113296,76561198005985428,1477469542377599,76561198373858287,2706482852701803,76561198355532572,76561198421554786,76561198023179088,2985005531524930,3737447149647733
2021-6-5,2429129807113296,76561198005985428,76561198373858287,1477469542377599,2706482852701803,76561198355532572,76561198421554786,76561198023179088,2985005531524930,3737447149647733
2021-6-6,2429129807113296,76561198005985428,76561198373858287,1477469542377599,2706482852701803,76561198355532572,76561198421554786,76561198023179088,2985005531524930,3737447149647733
2021-6-7,2429129807113296,76561198005985428,76561198373858287,1477469542377599,2706482852701803,76561198355532572,76561198421554786,76561198023179088,2985005531524930,3737447149647733
2021-6-8,2429129807113296,76561198005985428,76561198373858287,1477469542377599,2706482852701803,76561198355532572,76561198421554786,76561198023179088,2985005531524930,3737447149647733
2021-6-9,2429129807113296,76561198005985428,76561198373858287,1477469542377599,2706482852701803,76561198355532572,76561198421554786,76561198023179088,2985005531524930,3737447149647733
2021-6-10,2429129807113296,76561198005985428,76561198373858287,1477469542377599,2706482852701803,76561198355532572,76561198421554786,2985005531524930,76561198023179088,3737447149647733
2021-6-11,2429129807113296,76561198005985428,76561198373858287,1477469542377599,2706482852701803,76561198355532572,76561198421554786,2985005531524930,76561198023179088,3737447149647733
2021-6-12,2429129807113296,76561198005985428,1477469542377599,76561198373858287,2706482852701803,76561198355532572,76561198421554786,2985005531524930,76561198023179088,3737447149647733
2021-6-13,2429129807113296,76561198005985428,1477469542377599,76561198373858287,2706482852701803,76561198355532572,76561198421554786,2985005531524930,76561198023179088,3737447149647733
2021-6-14,76561198005985428,2429129807113296,1477469542377599,76561198373858287,2706482852701803,76561198355532572,76561198421554786,2985005531524930,76561198023179088,3737447149647733
2021-6-15,76561198005985428,2429129807113296,1477469542377599,76561198373858287,2706482852701803,76561198355532572,76561198421554786,2985005531524930,76561198023179088,3737447149647733
2021-6-16,2429129807113296,76561198005985428,1477469542377599,76561198373858287,2706482852701803,76561198355532572,76561198421554786,2985005531524930,76561198023179088,3737447149647733
2021-6-17,76561198005985428,2429129807113296,1477469542377599,76561198373858287,2706482852701803,76561198355532572,76561198421554786,2985005531524930,76561198023179088,3737447149647733
2021-6-18,2429129807113296,76561198005985428,1477469542377599,76561198373858287,2706482852701803,76561198355532572,76561198421554786,2985005531524930,76561198023179088,3737447149647733
